{"cameraMode":{"drawMode":0,"name":"Shaded","section":"Shading Mode"},"sceneLighting":false,"audioPlay":false,"sceneViewState":{"showFog":true,"showMaterialUpdate":false,"showSkybox":false,"showFlares":true,"showImageEffects":true,"showParticleSystems":true},"in2DMode":false,"pivot":{"x":0.04697823524475098,"y":0.2878076434135437,"z":-0.6830909848213196},"rotation":{"x":0.09801054000854492,"y":0.8264445066452026,"z":-0.15194211900234223,"w":0.5332136154174805},"size":1.373793363571167,"orthographic":false}