{"cameraMode":{"drawMode":0,"name":"Shaded","section":"Shading Mode"},"sceneLighting":false,"audioPlay":false,"sceneViewState":{"showFog":true,"showMaterialUpdate":false,"showSkybox":false,"showFlares":true,"showImageEffects":true,"showParticleSystems":true},"in2DMode":false,"pivot":{"x":1.3154298067092896,"y":5.9616289138793949,"z":-1.10750150680542},"rotation":{"x":0.0053223371505737309,"y":0.534832239151001,"z":-0.003387614618986845,"w":0.8449506163597107},"size":2.1000571250915529,"orthographic":false}